source_file,paragraph_id,text,language,length
Disorders of the Outer Ear in Dogs - Dog Owners - Merck Veterinary Manual.pdf,1,"arms, som Disorders ofthe Outer Earn Dogs - Day Onners- Merck Veterinary Manual",en,79
Disorders of the Outer Ear in Dogs - Dog Owners - Merck Veterinary Manual.pdf,2,MANUAL DE \AMeRcK,de,17
Disorders of the Outer Ear in Dogs - Dog Owners - Merck Veterinary Manual.pdf,3,Manual veterinario,ro,18
Disorders of the Outer Ear in Dogs - Dog Owners - Merck Veterinary Manual.pdf,4,4h) VERSION PARA DUENOS DE MASCOTAS Trastornos del ofdo externo en perros,es,73
Disorders of the Outer Ear in Dogs - Dog Owners - Merck Veterinary Manual.pdf,5,"Por Sheila ME Torres, DVM, MS, PRD, DACVD , Dermatologia, Facultad de Medicina Veterinaria, Universidad de Minnesota",es,116
Disorders of the Outer Ear in Dogs - Dog Owners - Merck Veterinary Manual.pdf,6,Revisado en junio de 2018 | Modificado en septiembre de 2024,es,60
Disorders of the Outer Ear in Dogs - Dog Owners - Merck Veterinary Manual.pdf,7,"Diversas afecciones cuténeas afectan la parte externa del ofdo, llamada pabellén auricular. La ‘mayoria de las afecciones también causan cambios en los teidos de otras partes del cuerpo. En raras ocasiones, una enfermedad afecta solo el ofdo externo 0 lo afecta primero. Como ‘ocurre con todas las afecciones cutaneas, el diagnéstico se realiza mejor combinando los resultados de una historia clinica completa, una exploracinfisica y cuténea completa, y pruebas diagnésticas cuidadosamente seleccionadas.",es,504
Disorders of the Outer Ear in Dogs - Dog Owners - Merck Veterinary Manual.pdf,8,"Los insectos y pardsitos suelen causar inflamacién del pabellén auricular (lo que produce enrojecimiento, hinchazén, picazén o ampollas), ya sea por dafio directo de la picadura del pardsito 0 por hipersensibilidad. Los diminutos acaros de lapel se esconden bajo la piel del pperro, a menudo en los bordes de las orejas, y pueden causar picaz6n intensa. Debido a su difcultad para verlos y encontrarlos, el veterinario podria tomar varios raspados de piel antes de hacer un diagnéstic. El tipo de insecto 0 pardsito que causa lainflamacién varia segtn la estacin, el entorno y la ubicacién geogrfica. Entre ellos se incluyen garrapatas, mosquitos, ‘moscas y pulgas. EI tratamiento incluye el control de los insectas o pardsitos en el entorno, Insecticidas, repelentes y medicamentos para reducir la inflamacion y la picaz6n.",es,824
Disorders of the Outer Ear in Dogs - Dog Owners - Merck Veterinary Manual.pdf,9,Celulitis juvenil canina La cells javenicanina es una infeccién e,ca,65
Disorders of the Outer Ear in Dogs - Dog Owners - Merck Veterinary Manual.pdf,10,Inflamaclén de los tejidos subcuténeos de los perros j6venes. Es un trastorno poco comin en,es,91
Disorders of the Outer Ear in Dogs - Dog Owners - Merck Veterinary Manual.pdf,11,nepsuwu merhvetmanualcomidog owner orders of dogsidsordesof the outer ean dogs,en,78
Disorders of the Outer Ear in Dogs - Dog Owners - Merck Veterinary Manual.pdf,12,"arms, som Disorders ofthe Over Earn Dogs- Dog Ouners-Merck Veterinary Mandal cachorros y se caracteriza por la aparicién de pequenas areas redondas y elevadas de piel Inflamada y lena de pus en la cara y las ores. Los ganglioslinfaticos debajo de la mandioula Inferior suelen estar notablemente agrandades, Se presenta en cachorros de 3 semanas a4 ‘meses de edad y rara vez en animales mayores. Los golden retrievers os setters Gordon y los teckels parecen tener mayor riesgo que otras razas. Es comin que la plel del canal ausitivo esté Inflamada,llena de pus y elevada, junto con el pabellén auricular hinchado y engrosado. ‘Algunos perros también dejan de comer, presentan letargo o fiebre, Se recomlenda un tratamiento temprano para evitarcicatrices. Una observacién culdadosa del estado de sus cachorros le ayudara a detectar cualquier masa 0 bulto en la cara o las orejas. Cualquier bulto 0 masa, incluso pequefio, es una buena razén paara llevar a su cachorro a una revisién lo antes posible.",es,999
Disorders of the Outer Ear in Dogs - Dog Owners - Merck Veterinary Manual.pdf,13,"Acaros del oido, perro",es,22
Disorders of the Outer Ear in Dogs - Dog Owners - Merck Veterinary Manual.pdf,14,Alergias,et,8
Disorders of the Outer Ear in Dogs - Dog Owners - Merck Veterinary Manual.pdf,15,"Las alergias causadas por alérgenos ambientales (como dcaros del polvo, polen o moho) 0 alimentarios son comunes en las perros y con frecuencia causan enrojecimiento y picazén en las orejas. Las alergias suelen provocar infecciones del conducto ausitivo externo, que pueden lextenderse al pabellon auricular (o{do externo). Otras partes del cuerpo (cara, axlas, ingles y patas) también suelen verse afectadas. Los veterinarios dlagnostican las alergias basandose en los signos y el historial del perro, descartando otras causas. Las alergiasalimentarias se dlagnostican o descartan mediante una dieta estricta, que debe seguir estrictamente las Indicaciones del veterinario. El tratamiento incluye inyecciones antalérgicas (inmunoterapia specifica para alérgenos),tratamientos para infecciones de a piel yofdo, cambios en la dieta y ‘medicamentos. Las alergias son afecciones a largo plazo que suelen requerir tratamiento de por vida,",es,934
Disorders of the Outer Ear in Dogs - Dog Owners - Merck Veterinary Manual.pdf,16,Dermatitis de contacto del ofdo,es,31
Disorders of the Outer Ear in Dogs - Dog Owners - Merck Veterinary Manual.pdf,17,"En algunos perros, la parte interna y sin pelo del pabellén auricular puede inflamarse & lnrtarse tas la aplicacion de clertos unguentos 0 medicaments. Esta inflamacién, denominada dermatitis de contacto , puede aparecer entre 1 y 7 dias después de iniciar el",es,259
Disorders of the Outer Ear in Dogs - Dog Owners - Merck Veterinary Manual.pdf,18,napa mercivtmanus con/dog-ownerier-Gtrdersodopidsordersofthe cuter enindogs,en,75
Disorders of the Outer Ear in Dogs - Dog Owners - Merck Veterinary Manual.pdf,19,"arms, som Disorders ofthe Over Ear n.Dogs-Doy Onners-Merck Veterinary Manual tratamiento. La piel del pabellon auricular puede enrojecerse e hincharse, y presentar protuberancias o lagas. Algunos perros también presentan picazén o dolor. Los veterinarlos suelen tratar esta afeccién suspendiendo todos los unguentos u otros medicarentos tépicas. Es poco probable que cambiar a un nuevo unguento ayude, ya que la mayoria de los productos contienen ingredientes inactivos similares.",es,480
Disorders of the Outer Ear in Dogs - Dog Owners - Merck Veterinary Manual.pdf,20,Hematomas en el oido,es,20
Disorders of the Outer Ear in Dogs - Dog Owners - Merck Veterinary Manual.pdf,21,"Los hematomas éticas son hinchazones llenas de liquide que se desarrollan en la superficie Interna del pabellén auricular de los perros. Se desconace su causa, pero suele deberse a sacudidas de cabeza o rascado de orejas debido al picar. En los perros, esta afeccién se ‘observa en casos de alergias ambientales o alimentaria, en las que los conductos auditivos son los principales focos de inflamacién y picor. El tratamiento suele consistr en cirugia para drenar y limpiar las hinchazones. Con frecuencia, el veterinario colocaré un drenaje con un tubo blando en la zona para evitar la acumulacién de liquide. También se pueden recetar medicamentes.",es,651
Disorders of the Outer Ear in Dogs - Dog Owners - Merck Veterinary Manual.pdf,22,Picaduras de insectos,es,21
Disorders of the Outer Ear in Dogs - Dog Owners - Merck Veterinary Manual.pdf,23,"Las picaduras de mosquitos, moscas y pulgas pueden causarinflamacién de la piel (dermatitis) del olde. Es un problema mundial que varia sega la estacin y el entorno. Afecta tipicamente ‘2 perros, gatos  caballos. La picadura del insecto causa pequefas protuberanclas duras y redondas, y zonas elevadas y enrojecidas con costras sanguinolentas centrales que pican. Se ‘observan cambios en el tejido en las puntas o en la superficie plegada de las orejas externas de los perros con orejas caldas. EI tratamiento incluye repelentes de moscas, control dela poblacin de moscas mediante la limpieza ambiental (como la eliminacin del estércol) ¢ Insecticidas. En ocasiones, también se requieren medicamentos.",es,701
Disorders of the Outer Ear in Dogs - Dog Owners - Merck Veterinary Manual.pdf,24,Congelacién,es,11
Disorders of the Outer Ear in Dogs - Dog Owners - Merck Veterinary Manual.pdf,25,"La congelacién puede ocurrr en perros poco adaptados a climas frios y es mas probable en condiciones de humedad 0 viento. Suele afectar las zonas del cuerpo con poca proteccién, como las puntas de las orejas, las patas y la cola. La piel puede estar palida o enrojecida, hinchada y dolorosa. En casos graves, puede producirse muerte del teido y desprendimiento de las puntas de las orejas. El tratamiento consiste en un calentamiento rdpido y suave, y culdados de apoyo. Puede ser necesaria la amputacién de las 2onas afectadas, pero debe posponerse hasta que se determine a extensién del teido vivo.",es,600
Disorders of the Outer Ear in Dogs - Dog Owners - Merck Veterinary Manual.pdf,26,napa mercivtmanus con/dog-ownerier-Gtrdersodopidsordersofthe cuter enindogs a7,en,78
Disorders of the Outer Ear in Dogs - Dog Owners - Merck Veterinary Manual.pdf,27,"arms, som Disorders ofthe Over Earn Dogs -Doy Onners-Merck Veterinary Manual",en,76
Disorders of the Outer Ear in Dogs - Dog Owners - Merck Veterinary Manual.pdf,28,Pérdida de cabello,es,18
Disorders of the Outer Ear in Dogs - Dog Owners - Merck Veterinary Manual.pdf,29,"En los perros se presentan varios trastornos de la plel del borde de la oreja caracterizados por la pérdida de pelo (alopecia). La pérdida periédica de pelo en la oreja externa en los caniches ‘miniatura implica la pérdida de pelo en las superficies curvas externas de la oreja. La pérdida de pelo comienza repentinamente y progresa durante varios meses, pero el pelo puede volver ‘a crecer esponténeamente. No hay otros signas. No es necesario tratamiento,",es,457
Disorders of the Outer Ear in Dogs - Dog Owners - Merck Veterinary Manual.pdf,30,"Se ha reportado pérdida de pelo en la oreja (calvcie de patron) en perros salchicha, chihuahuas, galgos italanos y whippets,y se cree que es hereditara. El pelaje comienza a adelgazarse cuando el perro tiene menos de un afto, la pérdida completa del pelo en la oreja puede ocurrir entre os 8 ylos 9 alos. Otras zonas comiinmente afectadas son el cuello, el ppecha y los muslos. No hay otras sintomas, No se ha reportado ningin tratamiento eficaz, pero clertos medicamentos pueden ser ttle.",es,489
Disorders of the Outer Ear in Dogs - Dog Owners - Merck Veterinary Manual.pdf,31,"La pérdida de pelo con oscurecimiento significativo de la ple! (hiperpigmentacién) se presenta tanto en el pabellén auricular camo en el puente nasal en las Yorkshire Terriers y los Doberman Pinschers. La cola y las patas también pueden verse afectadas. Generalmente se detecta por primera vez entre los 6 meses y ls 3 afios de edad, la afeccién empeora con la edad. La pérdida de pelo no suele remitiry no existe tratamiento,",es,426
Disorders of the Outer Ear in Dogs - Dog Owners - Merck Veterinary Manual.pdf,32,Enfermedades inmunomediadas,es,27
Disorders of the Outer Ear in Dogs - Dog Owners - Merck Veterinary Manual.pdf,33,"Varias enfermedades inmunomediadas (como el pénfigo foliiceo, el pénfigo eritematoso, las reacciones a farmacos, la necrélisis epidérmica toxicay la vasculitis) pueden afectar el oido cexterno y el conducto auditivo externa. Otras zonas del cuerpo suelen verse afectadas, como las almohadillas plantares, las mucosa las uniones entre la pel y las mucosas, las ufiasy los lechos ungueales, y la punta dela cola. Las enfermedades inmunomediadas se confirman ‘mediante blopsias de la lesiones primarias.",es,500
Disorders of the Outer Ear in Dogs - Dog Owners - Merck Veterinary Manual.pdf,34,Sarna,sv,5
Disorders of the Outer Ear in Dogs - Dog Owners - Merck Veterinary Manual.pdf,35,"La sarna sarcéptica es una enfermedad infecciasa de lapel causada por un caro pardsito que se infltra en las capas superficiales de la piel. Es comiin en perros de todo el mundo. La ~afeccién comienza con pequefias protuberanclas rojas y redondas en la plel Estas protuberancias pueden progresar a descamacién, formacién de costras yllagas ablertas, lrvtadas y en carne viva en los bordes de las orejas y otras partes del cuerpo como resultado del rascado; sin embargo, en algunos casos solo se observan las protuberancias rojas y la",es,533
Disorders of the Outer Ear in Dogs - Dog Owners - Merck Veterinary Manual.pdf,36,napa mercivtmanus con/dog-ownerier-Gtrdersodopidsordersofthe cuter enindogs a,en,77
Disorders of the Outer Ear in Dogs - Dog Owners - Merck Veterinary Manual.pdf,37,"arms, som Disorders ofthe Over Ear n.Dogs-Doy Onners-Merck Veterinary Manual picazén. La picazén es intensa. La transmisién del Scaro se produce por contacto directo con animales infectados u objetos contaminados (como la ropa de cama}",es,235
Disorders of the Outer Ear in Dogs - Dog Owners - Merck Veterinary Manual.pdf,38,"El dlagnéstico se basa en los signos, el historia de exposicién y la deteccién de acaros en ‘multiples raspados de piel. Las opciones de tratamiento incluyen barhos, inyecciones y ‘medicamentos tapicos y orales. Su veterinario podra recetar el mejor tratamiento para su ‘mascota, Dado que los dcaros pueden sobrevivr fuera del huésped durante un tiempo variable, toda a ropa de cama, cepllos y objetos del entorno de su mascota deben limpiarse a fondo. Dado que estos acaros son altamente contagiosos, también deben tratarse otros animales domésticos.",es,551
Disorders of the Outer Ear in Dogs - Dog Owners - Merck Veterinary Manual.pdf,39,Seborrea,en,8
Disorders of the Outer Ear in Dogs - Dog Owners - Merck Veterinary Manual.pdf,40,"Laplel excesivamente grasa en el horde de la oreja(seborrea) es comin en los perros salchicha, aunque otras razas con orejas caidas pueden verse afectadas. Generalmente, las ppuntas de las orejas a ambos lados se ven afectadas, pero la afeccién puede progresar hasta afectar todo el borde de la oreja. Se desconoce la causa, Los sintomas incluyen escamas cerosas de color gris a amarilo adheridas a la base del pelo. Los mechones de pelo se desprenden facilmente, dejando la piel con una superficie brilante. En casos graves, los bordes de las orejas se hinchan y agrietan. Hay tratamientos disponibles que puede recetar su veterinario,",es,636
Disorders of the Outer Ear in Dogs - Dog Owners - Merck Veterinary Manual.pdf,41,Adenitis sebacea,en,16
Disorders of the Outer Ear in Dogs - Dog Owners - Merck Veterinary Manual.pdf,42,"La adenttis sebdcea es un trastorno cutdneo poco comdn en perros que implica la inflamacion. y destruccién de las glandulas sebaceas (glindulas de la piel que producen aceltes). Las razas, ‘mas cominmente afectadas son los caniches estindar, akitas, samoyedos, vizslas, habaneros, springer spaniels y hasa apso. Los sintomas incluyen pérdida de pelo y escamas adheridas a los talos pilosos del pabellén auricular (oreja externa, la frente, la cara, la cola y el cuerpo. La picazén, cuando se observa, suele estar asociada a una infeccién cuténea secundaria, La afeccin se diagnostica mediante una blopsia de tejido. El tratamiento incluye medicamentos y champis medicados. Su veterinario puede hacer recomendaciones adicionales para aumentar la eficacia de las rutinas de bafo.",es,777
Disorders of the Outer Ear in Dogs - Dog Owners - Merck Veterinary Manual.pdf,43,Necrosis trombovascular proliferativa de los pabellones auriculares,es,67
Disorders of the Outer Ear in Dogs - Dog Owners - Merck Veterinary Manual.pdf,44,La muerte del tejdo del pabellén auricular puede ocurri debido ala formacién de codgulos ssanguineos en los vasos sanguineos. La disminucin del flujo sanguineo en la zona provaca la,es,181
Disorders of the Outer Ear in Dogs - Dog Owners - Merck Veterinary Manual.pdf,45,napa mercivtmanus con/dog-ownerier-Gtrdersodopidsordersofthe cuter enindogs,en,75
Disorders of the Outer Ear in Dogs - Dog Owners - Merck Veterinary Manual.pdf,46,"arms, som Disorders ofthe Over Earn Dogs - Dog Onners-Merck Veterinary Manual formacién de lagas abiertas, con descamacion, engrosamiento y oscurecimiento de la piel cicundante. Los cambios en la pie! comienzan en la punta del pabellén auricular y luego se extienden a su superficie interna. Los medicamentos pueden ayudar a algunos perros afectados, pero puede ser necesaria una cirugia para extirpar el telido afectado. Se desconoce la causa,",es,444
Disorders of the Outer Ear in Dogs - Dog Owners - Merck Veterinary Manual.pdf,47,Condritis auricular,ro,19
Disorders of the Outer Ear in Dogs - Dog Owners - Merck Veterinary Manual.pdf,48,"La condritis auricular es la inflamacién del cartlago del oid externa. Es poco frecuente en perros. Los sintomas incluyen dolor, hinchazén, enrojecimiento y deformacién del pabellén auricular. Generaimente, ambos oidos se ven afectados. Algunos perros también presentan sintomas en otras partes del cuerpo, como las articulaciones, los ojos y el corazén. £1 tratamiento puede no ser necesario si el perro no presenta dolor y solo se ven afectados los oidos. Los medicamentos pueden ayudar a los perros con dolor 0 con sintomas en otras partes del cuerpo. Con o sin tratamiento, el pabellén auricular sufriré una deformacin permanente.",es,634
Disorders of the Outer Ear in Dogs - Dog Owners - Merck Veterinary Manual.pdf,49,Vasculitis,ro,10
Disorders of the Outer Ear in Dogs - Dog Owners - Merck Veterinary Manual.pdf,50,"La vasculitis es la inflamacién de los vasos sanguineos, un trastorno poco comdn en perros. La piel de la zona afectada presenta manchas moradas, enrojecimiento, llagas y costras. También puede producirse desprendimiento de tejido muerto. La vasculitis suele afectar el pabellén auricular, la cola y las almohadillas plantares. Una respuesta inmunitariainadecuada, ‘medicamentos, infecciones o cancer pueden causar este trastorno; sin embargo, la causa puede ser desconacida o dificil de identifcar. E tratamiento consiste en eliminar cualquier ‘causa conocida, ast como en administrar medicamentos para reducir los efectos del sistema Inrmunitario.",es,649
Disorders of the Outer Ear in Dogs - Dog Owners - Merck Veterinary Manual.pdf,51,Dermatitis granulomatosa nodular estéril canina del pabellén auricular,es,70
Disorders of the Outer Ear in Dogs - Dog Owners - Merck Veterinary Manual.pdf,52,"La dermatitis granulomatosa nodular se refiee ala inflamacién de la piel que provocala formacién de pequefios bultos (nédulos). Sino se identifican organismos infecciosos en el tejido afectado, estos nédulos se describen como esteiles. Los gran daneses y os rottweilers tienen un mayor riesgo de farmar estos nédulos estérilese inflamatorios en los bordes de las, rej. En algunas partes del mundo, los protozoos que causan la leishmaniosis podrian ser los responsables. Su veterinario le recetaré medicamentos para tratar la afecci6n y mantenerla ‘bajo control",es,560
Disorders of the Outer Ear in Dogs - Dog Owners - Merck Veterinary Manual.pdf,53,napa mercivtmanus con/dog-ownerier-Gtrdersodopidsordersofthe cuter enindogs,en,75
Disorders of the Outer Ear in Dogs - Dog Owners - Merck Veterinary Manual.pdf,54,"arms, S06 Disorders ofthe Outer Earn Dogs- Day Oners- Merck Veterinary Manual",en,77
Disorders of the Outer Ear in Dogs - Dog Owners - Merck Veterinary Manual.pdf,55,Garrapatas,id,10
Disorders of the Outer Ear in Dogs - Dog Owners - Merck Veterinary Manual.pdf,56,"Las garrapatas pueden causar iritacién en el lugar de su insercién y pueden encontrarse en el pabellén auricular 0 en el conducto auditivo externo. La garrapata de la oreja, presente en el suroeste de Estados Unidos, Sudamérica, Centroamérica, Africa meridional e India, es una garrapata de caparaz6n blando cuyas formas mas jovenes e inmaduras infestan y viven en el conducto auditivo externa de perros y otros animales. Los signos de infestacion incluyen sacudidas 0 frotamiento de la cabeza, o orejas caldas. Tanto el animal como el entorna deben recibir tratamiento. Su veterinario puede recomendar el tratamiento mas adecuado para su mascotay su zona,",es,656
Disorders of the Outer Ear in Dogs - Dog Owners - Merck Veterinary Manual.pdf,57,Para mas informacion,es,20
Disorders of the Outer Ear in Dogs - Dog Owners - Merck Veterinary Manual.pdf,58,Ver también contenido profesional sobre enfermedades del pabellon auricular,es,75
Disorders of the Outer Ear in Dogs - Dog Owners - Merck Veterinary Manual.pdf,59,"& merck © 2026 Merck C, ne, Rahway. NJ EE. Uy Sus ilaes Teds ls derechos reservados.",en,84
Disorders of the Outer Ear in Dogs - Dog Owners - Merck Veterinary Manual.pdf,60,napa merchvetmanus con/dog-ownerter Gunter dopltorders ofthe cuter euindogs,en,75
